ID,Name,Category,Price Tier,Neighborhood,Opening Hours,Closing Hours,Average Rating,Good for Kids
1,Hearty Smoothie Bar,Thai,Medium,Tribeca,09:30,15:30,2,False
2,Zesty Palace,Indian,Medium,Tribeca,11:30,21:00,3,True
3,Urban Brasserie,French,Medium,Great Kills,11:00,19:30,3,True
4,Tender Yogurt Shop,Italian,Expensive,Pelham Bay,08:30,17:30,1,False
5,Yummy Smokehouse,Indian,Expensive,Mott Haven,08:30,18:30,4,True
6,Harbor View Grill,Indian,Medium,Crown Heights,08:30,20:00,2,False
7,Zen Speakeasy,Thai,Cheap,Throgs Neck,09:30,21:30,0,False
8,Retro Oyster House,Mediterranean,Expensive,St. George,10:00,18:30,0,True
9,Serenity Juice Bar,Italian,Cheap,Forest Hills,11:30,21:30,1,False
10,Mountain View Gastropub,Thai,Cheap,Williamsburg,11:00,22:00,2,False
11,Oceanfront Doughnut Shop,Thai,Cheap,Flushing,09:30,18:00,3,False
12,Flavorful Fish House,Italian,Cheap,Chelsea,08:00,17:30,0,False
13,Homestyle Yogurt Shop,American,Cheap,Harlem,08:00,21:00,2,True
14,Fusion Tiki Bar,Japanese,Medium,Belmont,11:30,19:30,4,False
15,Elegant Tavern,Indian,Expensive,Astoria,08:30,14:30,5,True
16,Coconut Cove Candy Store,Mediterranean,Cheap,Mott Haven,10:00,23:30,0,False
17,Flavorful Cider House,Thai,Expensive,Brooklyn Heights,08:00,15:00,2,False
18,Bamboo Grove Pub,Japanese,Cheap,Lower East Side,08:30,18:30,1,False
19,Underground Court,Thai,Cheap,Upper West Side,10:00,23:30,1,True
20,Sensational Burger Joint,Japanese,Cheap,Sunnyside,09:30,23:30,5,True
21,Elegant Parlor,Italian,Cheap,Long Island City,12:00,18:30,1,False
22,Lakefront Court,American,Expensive,Eltingville,08:00,22:00,3,True
23,Mouthwatering Tea Room,Thai,Expensive,Long Island City,11:00,18:30,2,True
24,Rustic Ramen House,Japanese,Medium,Hunts Point,11:30,20:30,5,False
25,Wholesome Juice Bar,Indian,Cheap,Upper West Side,11:30,22:00,1,True
26,Harbor View Whiskey Bar,Indian,Medium,Fordham,09:30,16:30,3,True
27,Serenity Chocolate Shop,French,Cheap,St. George,12:30,23:30,3,False
28,Sunny Fish House,Thai,Cheap,Forest Hills,09:30,16:00,1,True
29,Savory Eatery,Chinese,Medium,Crown Heights,11:30,22:00,0,True
30,Mouthwatering Tea Room,Indian,Cheap,Tribeca,11:30,23:00,3,False
31,Oceanic Cuisine,Italian,Cheap,Greenpoint,11:30,19:30,4,True
32,Spice Route Spot,Italian,Medium,Tribeca,09:30,16:30,1,False
33,Ivy League Juice Joint,Italian,Expensive,Mott Haven,11:00,22:30,3,False
34,Flavorful Bakery,Italian,Medium,Eltingville,10:30,23:00,4,False
35,Palatable Joint,Italian,Medium,Stapleton,11:00,17:00,4,True
36,Elegant Cantina,Chinese,Cheap,Greenwich Village,11:00,21:00,1,True
37,Cherry Blossom Taproom,American,Medium,Bedford-Stuyvesant,09:30,15:00,0,True
38,Retro Bakery,Japanese,Medium,Westerleigh,12:00,19:00,4,False
39,Royal Speakeasy,Chinese,Medium,Sunnyside,10:30,21:00,2,False
40,Tender Brasserie,Japanese,Cheap,Williamsburg,10:00,20:00,0,False
41,Harbor View Steakhouse,Mediterranean,Expensive,Flatbush,08:00,17:00,2,False
42,Tender Smokehouse,American,Medium,Bedford-Stuyvesant,09:30,17:00,5,True
43,Sweet Pea Creamery,Italian,Expensive,Williamsburg,08:30,19:00,3,False
44,Firehouse Lounge,American,Expensive,Brooklyn Heights,11:00,18:30,3,True
45,Sapphire Grill,Mexican,Expensive,Flatbush,08:30,19:00,0,False
46,Coconut Cove Kitchenette,Japanese,Medium,Upper West Side,08:00,18:00,4,True
47,Summit Grill,Italian,Expensive,Morris Park,09:30,16:00,5,True
48,Vintage Cafeteria,Chinese,Cheap,SoHo,11:30,19:00,1,False
49,Highlands House,Japanese,Expensive,Astoria,12:00,20:30,3,True
50,Tender Brasserie,American,Medium,Tottenville,09:00,23:00,1,False
51,Mouthwatering Ice Cream Parlor,Mexican,Medium,New Dorp,09:30,23:00,3,True
52,Vintage Court,Mexican,Cheap,Midtown Manhattan,09:30,23:00,2,True
53,Rustic Court,Indian,Medium,Greenpoint,11:00,21:30,1,False
54,Hearty Eatery,Japanese,Expensive,Soundview,12:30,23:30,0,False
55,Wholesome Cantina,American,Medium,Crown Heights,08:30,16:00,3,True
56,Savory Bar & Grill,Japanese,Cheap,Crown Heights,10:30,21:00,4,True
57,Ivy League Hideaway,Thai,Medium,Flatbush,11:00,21:30,4,False
58,Riverside Coffeehouse,American,Cheap,Tribeca,09:30,19:30,4,True
59,Zesty Pub,Indian,Cheap,Bedford-Stuyvesant,12:30,18:30,5,True
60,Irresistible Bar & Grill,Mediterranean,Cheap,Throgs Neck,09:30,16:00,4,False
61,Satisfying House,Thai,Medium,Fordham,11:00,20:30,1,True
62,Family Tavern,Italian,Medium,Flushing,11:00,23:30,0,False
63,Retro Gelato Shop,Chinese,Cheap,Ridgewood,12:30,18:30,2,False
64,Palm Tree Kitchenette,Mexican,Medium,Brooklyn Heights,11:00,23:30,3,False
65,Tropical Parlor,Thai,Cheap,Forest Hills,11:30,21:30,4,True
66,Riverside Deli,Japanese,Cheap,St. George,11:30,19:30,3,False
67,Aromatic Speakeasy,Italian,Cheap,Riverdale,08:00,14:00,5,False
68,Satisfying Joint,French,Medium,Flatbush,10:30,16:30,4,False
69,Delectable Gelato Shop,Chinese,Cheap,Ridgewood,09:00,15:00,2,True
70,Serenity Spot,Thai,Expensive,Tompkinsville,08:00,15:00,2,False
71,Savory Taphouse,Japanese,Expensive,Bedford-Stuyvesant,08:00,19:30,2,False
72,Rooftop Creamery,French,Cheap,Ridgewood,12:00,22:00,5,False
73,Coconut Cove Diner,Thai,Medium,Williamsburg,10:00,19:30,4,True
74,Tropical Diner,Thai,Expensive,Brooklyn Heights,10:30,18:30,0,True
75,Golden Harvest Fish House,Italian,Expensive,Tribeca,12:00,21:30,5,False
76,Delectable Tearoom,Mediterranean,Medium,Park Slope,09:00,18:30,2,True
77,Yummy Diner,Thai,Cheap,Prospect Heights,11:30,23:00,0,True
78,Harbor View Tavern,Italian,Medium,St. George,08:00,15:30,5,True
79,Palm Tree Taco Shack,Mexican,Cheap,Greenwich Village,11:30,22:00,2,False
80,Tropical Smoothie Bar,Mediterranean,Cheap,Forest Hills,09:30,15:30,1,True
81,Aromatic Tearoom,American,Cheap,Ridgewood,12:00,22:30,0,True
82,Scrumptious Distillery,American,Expensive,Tompkinsville,12:00,20:00,2,True
83,Heavenly Brewpub,Thai,Expensive,Williamsburg,12:30,20:30,1,False
84,Wholesome Pub,Mexican,Cheap,Upper West Side,09:00,20:00,0,True
85,Maplewood Speakeasy,Japanese,Medium,Greenpoint,12:00,19:30,5,True
86,Mountain View Bar & Grill,Italian,Cheap,Chelsea,10:30,20:30,5,True
87,Flavorful House,Chinese,Expensive,Harlem,12:00,20:00,1,False
88,Fresh Hideaway,Indian,Expensive,Stapleton,12:30,20:30,0,False
89,Satisfying Grill & Bar,American,Cheap,Westerleigh,12:00,19:30,4,True
90,Family Joint,Mexican,Medium,Upper West Side,08:30,19:00,3,True
91,Zesty Brewpub,American,Medium,Belmont,12:00,19:30,3,False
92,Juicy Oyster Bar,Japanese,Cheap,Greenwich Village,11:00,21:30,3,False
93,Orchid Ramen House,Japanese,Cheap,Stapleton,08:30,14:30,5,True
94,Delicious Donut Store,Japanese,Cheap,Chelsea,11:00,23:00,5,False
95,Tasty Grill & Bar,Thai,Medium,Upper East Side,10:30,21:30,4,False
96,Cherry Blossom Lodge,Japanese,Expensive,Forest Hills,08:00,23:00,3,False
97,Seaside Place,Japanese,Expensive,Brooklyn Heights,12:30,22:00,4,False
98,Elegant Joint,Mediterranean,Cheap,Upper West Side,11:30,22:30,3,True
99,Royal Brewpub,Chinese,Expensive,Hunts Point,11:00,19:00,2,False
100,Quaint Chophouse,Chinese,Expensive,Greenpoint,12:30,18:00,0,False
101,Orchid Alehouse,Indian,Medium,Greenpoint,11:30,21:30,4,True
102,Savory Distillery,Thai,Expensive,Eltingville,09:00,18:00,2,False
103,Spicy Sushi Bar,American,Cheap,Soundview,09:30,17:00,5,False
104,Retro Tapas Bar,Japanese,Expensive,St. George,10:30,18:30,2,True
105,Tropical Diner,Indian,Expensive,SoHo,12:30,21:30,5,False
106,Oceanfront Juice Bar,Mexican,Expensive,Chelsea,11:00,17:30,5,False
107,Brick Oven Vietnamese Restaurant,Indian,Medium,Bedford-Stuyvesant,08:00,15:30,3,True
108,Classic Bakery Cafe,Italian,Cheap,Annadale,08:30,23:30,2,False
109,Juicy Taphouse,Italian,Cheap,Lower East Side,12:00,21:00,3,True
110,Charming Bakery Cafe,Chinese,Cheap,Lower East Side,12:30,21:30,3,False
111,Zesty Speakeasy,Indian,Cheap,Crown Heights,09:30,23:00,4,False
112,Authentic Smoothie Shop,Mexican,Expensive,Woodside,12:30,18:30,4,True
113,Golden Harvest Bistro,Mediterranean,Expensive,St. George,12:30,23:30,1,True
114,Vintage Cafeteria,Thai,Expensive,Morris Park,12:00,19:30,2,False
115,Quaint Cantina,Chinese,Cheap,Upper East Side,11:00,21:30,4,False
116,Foggy Cafe,Mexican,Expensive,Greenwich Village,11:00,22:30,3,True
117,Sandy Beach Kitchen,Mexican,Cheap,Mott Haven,08:00,14:30,1,False
118,Wholesome Parlor,American,Cheap,Prospect Heights,09:00,15:30,2,False
119,Palatable Brasserie,Indian,Cheap,Prospect Heights,08:00,20:00,3,False
120,Aromatic Steakhouse,Thai,Medium,Woodside,11:30,21:30,2,True
121,Palatable Chophouse,Indian,Cheap,Upper West Side,09:00,19:00,0,False
122,Zesty Court,American,Cheap,Throgs Neck,10:30,18:00,2,True
123,Savory Tapas Bar,Chinese,Medium,Greenpoint,09:30,19:30,2,True
124,Homestyle Coffeehouse,Italian,Medium,Pelham Bay,11:00,18:00,0,False
125,Family Cantina,French,Medium,Greenwich Village,09:00,19:00,0,False
126,Spicy Smoothie Bar,French,Medium,Greenpoint,11:00,23:00,4,False
127,Urban Kitchenette,American,Medium,Flatbush,10:00,17:00,2,False
128,Foggy Kitchenette,Mexican,Cheap,Harlem,10:30,19:30,4,True
129,Classic Grill,Japanese,Medium,Midtown Manhattan,08:30,19:30,2,True
130,Sunset Parlor,Chinese,Medium,Brooklyn Heights,11:30,18:00,0,False
131,Aromatic Bagel Shop,Japanese,Expensive,Fordham,10:30,22:30,0,True
132,Flavorful Pub,Mexican,Medium,Jamaica,10:00,21:00,4,True
133,Hearty Tiki Bar,Japanese,Medium,Park Slope,09:00,17:00,5,False
134,Bamboo Grove Cantina,Thai,Cheap,Astoria,12:30,22:00,1,False
135,Sapphire Doughnut Shop,French,Medium,Long Island City,08:00,16:00,5,True
136,Coconut Cove Oyster Bar,Japanese,Medium,Greenwich Village,08:00,23:30,1,False
137,Sunny Kitchen,Japanese,Cheap,Greenpoint,12:00,20:30,5,True
138,Golden Harvest Ice Cream Parlor,French,Expensive,Lower East Side,12:30,21:30,4,False
139,Wholesome Taco Shack,Japanese,Cheap,Chelsea,08:00,15:30,0,True
140,Flavorful Parlor,Thai,Expensive,Greenwich Village,10:00,17:30,0,True
141,Lakefront Sushi Bar,Italian,Cheap,Mott Haven,11:30,17:00,0,False
142,Gourmet Joint,Japanese,Cheap,Throgs Neck,09:30,15:30,4,False
143,Zesty Juice Bar,French,Medium,Harlem,12:00,19:00,4,True
144,Foggy Brasserie,Thai,Expensive,Astoria,08:00,21:00,1,True
145,Hearty Noodle House,French,Cheap,Riverdale,08:30,19:30,0,False
146,Moonlight Alehouse,Chinese,Expensive,Tribeca,08:30,20:00,5,True
147,Savory Chocolate Shop,Thai,Expensive,Throgs Neck,11:00,22:30,4,False
148,Pineapple Inn,Italian,Medium,Flushing,08:30,15:30,2,False
149,Zesty Pub,Indian,Cheap,Midtown Manhattan,11:00,17:30,3,True
150,Flavorful Dessert Bar,Mediterranean,Expensive,Annadale,09:00,21:30,3,False
151,Firehouse Hideaway,Chinese,Cheap,Hunts Point,12:00,21:30,1,False
152,Rustic Sushi Bar,American,Cheap,Forest Hills,09:30,16:00,5,False
153,Sapphire Juice Joint,Chinese,Cheap,Tompkinsville,12:30,23:00,4,True
154,Rustic Parlor,Indian,Medium,Crown Heights,10:00,18:00,0,False
155,Aromatic Steakhouse,American,Expensive,New Dorp,11:30,17:30,2,True
156,Spicy Taphouse,French,Medium,Ridgewood,09:30,20:30,4,True
157,Crisp Brasserie,Japanese,Medium,Great Kills,09:00,17:00,2,False
158,Golden Harvest Chocolate Shop,Japanese,Medium,Jamaica,10:00,23:00,4,False
159,Gourmet Deli,Mediterranean,Medium,Astoria,08:00,18:00,5,True
160,Fusion Eatery,Chinese,Medium,Bedford-Stuyvesant,10:00,20:00,2,False
161,Highlands Brasserie,Thai,Cheap,Upper East Side,10:30,21:30,4,False
162,Rainforest Bar & Grill,French,Cheap,Williamsburg,11:00,18:30,4,False
163,Oceanfront Cantina,Thai,Cheap,Harlem,10:30,19:00,3,True
164,Hilltop Brewpub,Thai,Medium,Jackson Heights,08:00,18:00,4,True
165,Oceanic Deli,Indian,Cheap,Jackson Heights,12:30,18:00,0,True
166,Family Diner,Thai,Medium,Harlem,09:00,20:00,5,True
167,Sweet Pea Noodle House,Indian,Cheap,SoHo,12:00,18:30,2,False
168,Oceanic Seafood Shack,Thai,Medium,Lower East Side,12:30,20:30,0,True
169,Coastal Vineyard,Indian,Cheap,Pelham Bay,08:00,16:00,0,False
170,Sensational Speakeasy,Indian,Medium,Woodside,10:00,18:30,0,False
171,Wholesome Boulangerie,Chinese,Cheap,Upper East Side,09:30,15:30,0,False
172,Tender Taco Shack,Italian,Expensive,Midtown Manhattan,09:00,18:00,5,False
173,Savor Frozen Yogurt Shop,French,Expensive,Great Kills,08:30,14:00,0,False
174,Rainforest Ice Cream Parlor,Chinese,Cheap,Greenpoint,12:30,21:30,0,False
175,Underground Cookie Shop,Italian,Cheap,Chelsea,09:00,15:00,1,True
176,Golden Harvest Cuisine,French,Expensive,Chelsea,09:00,16:00,4,False
177,Zesty Creamery,French,Expensive,Greenpoint,12:30,19:30,2,False
178,Highlands Kitchen,Japanese,Expensive,Long Island City,12:00,22:00,0,True
179,Serenity Brewery,American,Cheap,Tottenville,12:30,23:30,1,False
180,Highlands Pub,Italian,Medium,Brooklyn Heights,12:30,23:00,1,False
181,Maplewood Winery,Mexican,Medium,Greenwich Village,09:30,19:00,4,False
182,Gourmet Chophouse,American,Cheap,Eltingville,08:00,19:00,1,False
183,Vintage Vietnamese Restaurant,American,Expensive,Bushwick,09:30,23:00,5,True
184,Golden Harvest Burger Joint,Mexican,Medium,Hunts Point,11:00,17:00,4,False
185,Sweet Pea Chocolate Shop,Thai,Medium,Jackson Heights,12:30,19:30,3,False
186,Pineapple Court,Italian,Expensive,Jackson Heights,09:30,15:00,5,False
187,Royal Palace,American,Cheap,Stapleton,11:00,20:30,1,True
188,Savor Sushi Bar,American,Expensive,Flatbush,08:30,18:30,2,True
189,Charming Cantina,Italian,Medium,Fordham,08:00,19:00,0,False
190,Sunset Whiskey Bar,Indian,Cheap,Williamsburg,10:00,17:30,2,False
191,Spicy Inn,Thai,Medium,Eltingville,08:30,21:00,5,True
192,Scrumptious Joint,Mediterranean,Cheap,Greenpoint,12:00,23:30,3,True
193,Gastronomic Vineyard,Japanese,Cheap,Upper West Side,10:30,18:00,3,False
194,Delicious Cafeteria,Mexican,Medium,Great Kills,08:00,20:00,2,False
195,Wholesome Taproom,Italian,Medium,Pelham Bay,12:00,18:00,5,False
196,Valley Kitchen,American,Expensive,Jackson Heights,11:30,20:30,3,True
197,Tender Vietnamese Restaurant,Japanese,Expensive,Westerleigh,10:00,17:00,2,True
198,Spicy Tiki Bar,Italian,Expensive,Harlem,10:30,16:00,0,True
199,Crisp Grill & Bar,American,Medium,Midtown Manhattan,08:30,15:30,5,True
200,Urban Diner,Chinese,Expensive,Greenwich Village,09:30,17:00,2,True
201,Sensational Court,Japanese,Medium,Upper East Side,09:00,20:30,0,True
202,Fresh Cafeteria,Italian,Cheap,Tottenville,09:30,16:00,3,False
203,Zesty Court,Indian,Medium,Upper East Side,09:00,15:30,2,True
204,Savory Alehouse,Thai,Medium,Harlem,08:00,15:00,1,True
205,Delicious Juice Bar,Italian,Expensive,Bedford-Stuyvesant,08:00,23:00,1,False
206,Juicy Tapas Bar,Chinese,Cheap,Ridgewood,12:30,19:30,1,False
207,Sizzling Cantina,Indian,Medium,Greenpoint,10:30,17:30,1,False
208,Quaint Noodle House,Mexican,Medium,Morris Park,10:00,23:30,2,True
209,Retro Bakery Cafe,Indian,Medium,Morris Park,12:30,21:00,5,False
210,Quaint Boulangerie,Indian,Cheap,Lower East Side,11:00,23:00,4,True
211,Fresh Gelato Shop,Italian,Expensive,Greenpoint,12:30,22:30,0,False
212,Moonlight Donut Store,Mexican,Cheap,Forest Hills,10:00,16:00,4,True
213,Savory Diner,Mexican,Expensive,Tompkinsville,11:00,23:00,0,False
214,Moonlight Joint,Indian,Cheap,Lower East Side,12:00,23:00,5,False
215,Tasty Kitchen,Japanese,Cheap,Harlem,09:30,22:30,4,True
216,Classic Grill & Bar,American,Medium,Woodside,08:00,20:00,5,True
217,Mouthwatering Wine Bar,Thai,Cheap,Astoria,08:30,20:00,5,False
218,Retro Cookie Shop,Mediterranean,Expensive,SoHo,11:00,19:00,4,True
219,Fresh Taphouse,Chinese,Cheap,Flushing,11:30,19:30,1,False
220,Tasty Lounge,Indian,Expensive,Upper West Side,12:30,20:30,3,False
221,Zen Court,Mexican,Cheap,Annadale,08:00,15:00,4,True
222,Zesty Doughnut Shop,French,Expensive,Belmont,11:00,18:00,1,False
223,Rustic Kitchen,Indian,Cheap,Throgs Neck,12:00,18:30,5,True
224,Homestyle Cocktail Lounge,Japanese,Expensive,Lower East Side,12:30,21:30,0,False
225,Sunny Frozen Yogurt Shop,Mexican,Expensive,Flatbush,09:30,23:30,1,True
226,Tasty Gastropub,Mexican,Cheap,Lower East Side,12:00,22:30,3,True
227,Exquisite Taco Shack,American,Expensive,Stapleton,08:00,17:30,0,True
228,Zen Eatery,Mexican,Cheap,Lower East Side,11:30,19:00,1,True
229,Aromatic House,Japanese,Medium,Lower East Side,08:30,22:00,1,False
230,Fresh Chophouse,Mexican,Cheap,Annadale,11:00,21:30,1,True
231,Delicious Kitchenette,Thai,Medium,Park Slope,08:30,22:30,5,False
232,Countryside Boulangerie,Mediterranean,Expensive,Annadale,12:00,21:30,0,False
233,Foggy Gastropub,Chinese,Expensive,Flushing,12:30,20:00,2,False
234,Golden Gate Yogurt Shop,Indian,Medium,Greenpoint,08:00,19:00,4,False
235,Delicious Parlor,Japanese,Expensive,Mott Haven,09:00,16:00,2,True
236,Sweet Pea Cider House,Thai,Medium,Tottenville,10:00,21:30,4,True
237,Summit Pub,Japanese,Expensive,Long Island City,10:00,17:00,5,False
238,Exquisite Creamery,Thai,Expensive,Great Kills,11:30,23:00,1,False
239,Sizzle Cake Shop,Mexican,Expensive,Greenpoint,12:30,18:30,0,True
240,Brick Oven Smokehouse,American,Cheap,Westerleigh,10:00,16:00,4,True
241,Golden Harvest Donut Store,Italian,Expensive,Park Slope,08:00,21:00,3,True
242,Fusion Oyster House,Indian,Cheap,Greenwich Village,12:30,20:30,4,True
243,Gourmet Pub,Mexican,Cheap,Flatbush,12:00,19:30,3,False
244,Maplewood Smoothie Shop,Mexican,Medium,SoHo,11:00,23:30,5,False
245,Yummy Wine Bar,Japanese,Medium,Riverdale,12:30,19:30,4,True
246,Palm Tree Candy Store,French,Expensive,Flushing,09:30,15:30,0,False
247,Hearty Candy Store,Chinese,Expensive,Ridgewood,08:00,18:00,0,True
248,Elegant Wine Bar,Indian,Medium,Tottenville,09:00,21:00,1,False
249,Irresistible Parlor,Chinese,Expensive,Bushwick,10:00,19:00,1,False
250,Gastronomic Yogurt Shop,Mexican,Cheap,Forest Hills,08:00,23:00,3,False
251,Savory Sushi Bar,Mexican,Cheap,Flushing,09:30,19:30,0,False
252,Moonshine Dessert Bar,American,Expensive,Tottenville,12:00,23:00,0,False
253,Crisp Smoothie Shop,Italian,Cheap,Hunts Point,09:30,23:30,0,False
254,Tender Eatery,Mexican,Cheap,Tribeca,11:00,17:00,2,False
255,Zesty Bakery,Chinese,Medium,St. George,11:30,22:00,1,True
256,Sapphire Lodge,Mexican,Cheap,Williamsburg,09:00,23:00,3,False
257,Family Diner,Mediterranean,Medium,Sunnyside,08:30,20:00,3,False
258,Coconut Cove Frozen Yogurt Shop,Mexican,Cheap,Tompkinsville,10:00,17:00,0,True
259,Highlands House,Mediterranean,Cheap,Upper West Side,11:00,20:00,1,False
260,Orchid Pub,French,Cheap,Soundview,10:30,17:30,4,True
261,Aromatic Brasserie,Indian,Expensive,Brooklyn Heights,08:00,14:30,3,True
262,Gastronomic Ramen House,Mexican,Medium,Forest Hills,11:00,21:30,0,True
263,Classic Cider House,French,Expensive,Eltingville,10:00,18:00,5,True
264,Zesty Pub,American,Medium,Soundview,10:30,19:00,3,True
265,Scrumptious Grill & Bar,French,Expensive,Fordham,10:00,20:00,2,True
266,Foggy Pizzeria,Mediterranean,Cheap,Hunts Point,12:30,22:00,5,False
267,Lakefront Cocktail Lounge,French,Expensive,Prospect Heights,12:00,18:30,5,False
268,Seaside Cafeteria,Italian,Cheap,Morris Park,12:30,20:00,3,False
269,Lakefront Tea Room,Mexican,Cheap,Greenwich Village,10:30,19:00,5,True
270,Tasty Steakhouse,Indian,Expensive,Sunnyside,11:00,23:30,5,True
271,Authentic Palace,French,Expensive,Williamsburg,09:30,15:00,4,False
272,Urban Grill & Bar,Thai,Medium,SoHo,08:30,17:00,0,True
273,Rustic Yogurt Shop,Thai,Cheap,Morris Park,10:00,21:00,4,False
274,Palatable Hideaway,Indian,Cheap,Jackson Heights,12:30,22:30,1,False
275,Spice Route Eatery,Chinese,Expensive,Greenpoint,09:30,22:30,2,False
276,Sunny Tearoom,Mediterranean,Medium,Mott Haven,08:00,23:30,2,False
277,Bamboo Grove Cider House,Mexican,Medium,New Dorp,11:30,23:30,4,False
278,Divine Dive Bar,Mediterranean,Medium,St. George,10:30,17:00,1,False
279,Quaint Joint,Japanese,Cheap,Woodside,10:00,21:30,3,True
280,Sizzling Cantina,French,Cheap,Pelham Bay,12:00,23:30,5,False
281,Zen Bistro,Thai,Cheap,New Dorp,12:30,22:00,3,True
282,Coastal Brewery,Thai,Expensive,Flatbush,11:00,19:00,0,True
283,Under the Stars Deli,Mexican,Cheap,Soundview,08:30,17:30,2,True
284,Golden Gate Cider House,Italian,Medium,Fordham,11:30,23:30,0,True
285,Coastal Place,Mexican,Expensive,Astoria,08:30,15:00,3,True
286,Elegant Cuisine,Mexican,Expensive,Stapleton,08:00,16:00,2,False
287,Blue Bayou Dessert Bar,Indian,Medium,Throgs Neck,10:00,19:30,5,True
288,Highlands Seafood Shack,Indian,Medium,Eltingville,10:30,21:30,1,True
289,Under the Stars Cuisine,American,Expensive,Sunnyside,08:00,18:30,3,True
290,Gourmet Court,Indian,Expensive,Chelsea,10:30,23:30,5,False
291,Fusion Candy Store,American,Medium,Mott Haven,11:30,18:30,2,True
292,Satisfying Steakhouse,Thai,Medium,Harlem,10:00,22:30,4,False
293,Heavenly BBQ Joint,Indian,Cheap,Fordham,11:30,22:00,4,True
294,Zesty Cantina,Italian,Expensive,Pelham Bay,10:30,16:30,3,False
295,Sizzling Oyster House,Indian,Medium,Ridgewood,08:30,20:30,2,True
296,Spicy Crepery,French,Cheap,St. George,08:00,17:00,2,True
297,Seaside Bar & Grill,American,Expensive,Greenpoint,10:00,23:00,4,False
298,Serenity Doughnut Shop,Thai,Expensive,Jackson Heights,09:00,16:30,1,True
299,Island Cake Shop,Chinese,Cheap,Astoria,12:30,22:30,0,False
300,Sizzling Tavern,Japanese,Cheap,Sunnyside,12:30,22:00,0,True
301,Gourmet Grill & Bar,Italian,Cheap,Morris Park,08:30,19:30,5,True
302,Irresistible Tearoom,Mexican,Expensive,Mott Haven,09:30,19:30,0,False
303,Urban Pub,French,Expensive,Eltingville,10:00,22:00,4,True
304,Rustic Eatery,Mexican,Expensive,Upper East Side,08:00,18:00,0,True
305,Sapphire Tea Room,Thai,Cheap,Ridgewood,09:30,16:00,1,False
306,Vintage Speakeasy,Thai,Expensive,Fordham,10:30,18:30,2,False
307,Rooftop Taphouse,Mexican,Medium,Great Kills,12:00,18:00,0,False
308,Oceanic Lounge,Thai,Medium,Greenwich Village,08:30,23:30,0,True
309,Tasty Joint,French,Expensive,Williamsburg,09:00,16:00,4,False
310,Hearty Creamery,Mexican,Cheap,Soundview,08:30,19:00,1,True
311,Tender Dessert Bar,Italian,Expensive,Greenwich Village,08:30,19:30,4,True
312,Coastal Restaurant,Thai,Cheap,SoHo,11:30,19:30,2,False
313,Firehouse Cantina,Italian,Cheap,Stapleton,09:30,19:30,3,False
314,Bamboo Grove Sushi Bar,Chinese,Medium,Lower East Side,11:00,17:00,3,True
315,Harbor View Spot,Thai,Expensive,Sunnyside,12:30,21:30,5,True
316,Gastronomic Juice Joint,Thai,Expensive,Tribeca,12:30,18:00,0,False
317,Golden Gate Pizzeria,Indian,Medium,Bedford-Stuyvesant,08:30,19:00,1,True
318,Quaint Cereal Bar,Thai,Cheap,Long Island City,11:00,20:30,1,False
319,Sapphire Ramen House,Thai,Expensive,New Dorp,12:30,21:30,3,True
320,Palatable Kitchenette,American,Medium,Jackson Heights,12:30,23:30,2,True
321,Oceanfront Pub,Thai,Cheap,Fordham,10:00,22:30,4,False
322,Serenity Brasserie,Indian,Medium,Jamaica,09:00,23:00,5,False
323,Irresistible Chophouse,Thai,Cheap,Upper East Side,08:30,20:00,3,False
324,Fusion Pizzeria,Italian,Medium,Soundview,11:30,23:30,5,True
325,Sizzling Taproom,Japanese,Expensive,Jackson Heights,12:00,20:30,3,True
326,Delicious Tea Room,American,Medium,Flatbush,11:30,23:00,3,True
327,Fresh Tearoom,Mediterranean,Medium,Upper West Side,12:30,19:30,3,False
328,Mouthwatering Coffeehouse,French,Cheap,Ridgewood,11:30,17:00,0,False
329,Spicy Cookie Shop,French,Cheap,Chelsea,11:30,23:00,2,False
330,Gourmet Kitchen,Chinese,Expensive,Eltingville,11:00,19:30,2,True
331,Pineapple Brewpub,Japanese,Medium,St. George,12:00,18:30,3,False
332,Vintage Court,Thai,Medium,Jackson Heights,12:00,23:30,1,True
333,Savory Gelato Shop,Japanese,Medium,Greenwich Village,11:00,18:30,0,True
334,Aromatic Gastropub,French,Medium,Westerleigh,10:00,23:30,0,True
335,Spice Route Cantina,Chinese,Cheap,Forest Hills,12:30,20:00,3,True
336,Charming Alehouse,American,Medium,Astoria,10:00,22:00,1,True
337,Highlands Lodge,Mediterranean,Expensive,Greenpoint,10:00,22:00,5,False
338,Delicious Noodle House,Italian,Cheap,Chelsea,11:00,17:00,3,False
339,Charming Spot,Mexican,Medium,Lower East Side,12:30,22:00,4,False
340,Golden Gate Bakery Cafe,Italian,Cheap,SoHo,12:00,22:00,5,True
341,Lakefront Place,French,Cheap,Bushwick,08:30,21:00,0,True
342,Valley Joint,American,Cheap,Eltingville,12:30,19:30,5,False
343,Oceanfront Cafeteria,Mexican,Medium,Astoria,09:30,23:00,0,False
344,Cherry Blossom Cafe,Mediterranean,Cheap,Flushing,08:30,19:00,3,False
345,Vintage Deli,French,Cheap,Flushing,10:30,17:00,3,False
346,Highlands Grill & Bar,Japanese,Medium,Chelsea,09:00,16:00,2,True
347,Foggy House,Thai,Cheap,Greenpoint,11:00,19:00,3,False
348,Flavorful Grill & Bar,American,Cheap,Prospect Heights,09:30,23:30,4,True
349,Aromatic Deli,Mexican,Cheap,Tompkinsville,11:00,22:00,2,True
350,Brick Oven Hideaway,Indian,Expensive,Ridgewood,10:30,20:00,2,True
351,Savory Coffeehouse,Indian,Expensive,Williamsburg,08:30,14:30,1,True
352,Zesty Ramen House,Mediterranean,Cheap,Tompkinsville,10:00,22:30,1,True
353,Savory Speakeasy,Mexican,Cheap,Great Kills,12:30,22:00,4,False
354,Hearty Vineyard,Mediterranean,Cheap,Pelham Bay,08:30,19:00,4,True
355,Sweet Pea Smoothie Bar,Italian,Medium,Williamsburg,08:30,22:00,4,True
356,Under the Stars Pub,American,Medium,Upper East Side,10:00,17:00,3,False
357,Fresh Diner,Indian,Medium,Throgs Neck,11:00,17:00,1,False
358,Wholesome Vineyard,Indian,Expensive,Bushwick,10:00,18:30,0,True
359,Zesty Gelato Shop,Italian,Cheap,Astoria,08:30,17:30,1,False
360,Vintage Diner,Indian,Expensive,Sunnyside,12:00,21:00,2,False
361,Delectable Place,Indian,Medium,Fordham,09:00,22:00,0,True
362,Fusion Bakery,American,Medium,Brooklyn Heights,12:00,20:30,0,False
363,Sapphire Lounge,Japanese,Medium,Stapleton,09:30,16:30,4,True
364,Aromatic Kitchenette,French,Cheap,Harlem,11:00,22:30,2,False
365,Classic Cantina,Italian,Cheap,Brooklyn Heights,11:30,23:30,1,True
366,Gastronomic Cookie Shop,Thai,Expensive,Greenwich Village,09:30,22:00,5,False
367,Lakefront Oyster Bar,Italian,Medium,Fordham,09:00,17:30,3,True
368,Vintage Speakeasy,Italian,Medium,Stapleton,08:00,20:00,0,False
369,Maplewood Gelato Shop,Indian,Cheap,Bedford-Stuyvesant,11:00,19:00,5,True
370,Serenity Lounge,Mexican,Cheap,Ridgewood,12:00,23:00,3,True
371,Zen Bakery,Thai,Expensive,Annadale,08:00,15:30,2,False
372,Summit Brewpub,French,Expensive,Bushwick,10:30,20:00,2,False
373,Vintage Place,Mexican,Medium,Upper East Side,09:30,19:00,2,False
374,Wholesome Gelato Shop,Mediterranean,Cheap,Bedford-Stuyvesant,10:30,20:00,0,True
375,Heavenly Cafeteria,Thai,Expensive,Prospect Heights,09:30,23:30,5,True
376,Tropical Joint,Mediterranean,Cheap,Greenwich Village,08:30,15:00,1,True
377,Sizzling Chophouse,American,Cheap,Eltingville,08:00,21:30,3,False
378,Quaint Place,French,Expensive,Stapleton,12:30,19:30,5,True
379,Under the Stars House,Chinese,Expensive,Forest Hills,08:30,22:30,1,True
380,Family Bagel Shop,American,Expensive,Annadale,10:30,18:00,5,False
381,Oceanfront Kitchenette,Chinese,Expensive,Flushing,09:30,22:30,1,True
382,Sandy Beach Wine Bar,Italian,Medium,Bushwick,08:00,18:30,2,True
383,Moonlight Noodle House,Thai,Cheap,Morris Park,12:30,21:00,0,False
384,Retro Grill & Bar,Mediterranean,Medium,Upper West Side,08:30,18:30,4,False
385,Yummy Tavern,Chinese,Expensive,Astoria,12:30,19:00,4,False
386,Zen Tavern,Mexican,Cheap,Upper East Side,09:30,15:00,4,True
387,Royal Cantina,Mexican,Expensive,Williamsburg,09:30,15:00,2,False
388,Maplewood Ramen House,Mexican,Medium,Hunts Point,10:30,18:00,3,False
389,Aromatic Cafeteria,Chinese,Expensive,Sunnyside,08:30,14:30,3,False
390,Sensational Grill,Mexican,Cheap,Park Slope,12:30,19:30,5,True
391,Golden Gate Brasserie,Japanese,Expensive,Belmont,09:30,21:30,5,True
392,Tasty Lounge,Japanese,Expensive,Midtown Manhattan,12:30,23:00,5,False
393,Fresh Kitchenette,Mexican,Expensive,Pelham Bay,09:30,22:00,5,True
394,Savory Doughnut Shop,French,Cheap,Jackson Heights,11:00,17:00,2,False
395,Countryside Brasserie,French,Medium,Pelham Bay,09:30,16:30,4,True
396,Sapphire Noodle House,Mediterranean,Cheap,Woodside,09:00,21:00,1,False
397,Crisp Inn,French,Cheap,Great Kills,11:30,22:00,5,True
398,Delicious Pizzeria,Indian,Medium,Long Island City,10:30,18:00,5,True
399,Rainforest Frozen Yogurt Shop,Mexican,Cheap,Brooklyn Heights,12:30,19:30,1,True
400,Exquisite Cuisine,Indian,Cheap,Forest Hills,10:00,19:30,4,True
401,Delicious Bistro,Japanese,Medium,Greenpoint,10:00,23:30,4,False
402,Coastal Deli,Indian,Expensive,Astoria,09:30,19:30,5,True
403,Moonlight Place,Indian,Cheap,St. George,12:00,21:00,4,True
404,Satisfying Ramen House,Thai,Medium,Bushwick,08:00,16:00,2,False
405,Family Bakery Cafe,American,Expensive,Sunnyside,08:00,19:30,3,False
406,Savor Ice Cream Parlor,Mexican,Cheap,Bushwick,12:30,22:00,1,False
407,Palm Tree Eatery,Mediterranean,Medium,New Dorp,12:00,23:30,0,True
408,Golden Gate Lounge,Mexican,Cheap,Bushwick,11:30,19:30,5,False
409,Exquisite Fish House,Italian,Cheap,Park Slope,11:00,18:00,1,False
410,Coconut Cove Dessert Bar,Indian,Expensive,Lower East Side,11:30,17:30,3,True
411,Irresistible Whiskey Bar,Mediterranean,Medium,St. George,08:30,22:30,0,False
412,Delectable Lounge,Italian,Cheap,Prospect Heights,10:00,23:00,3,False
413,Classic BBQ Joint,French,Medium,Annadale,12:30,22:30,2,True
414,Sapphire Kitchenette,Thai,Cheap,Bushwick,08:30,23:00,1,True
415,Sunny Cider House,French,Expensive,New Dorp,12:30,18:30,5,False
416,Golden Gate Hideaway,Chinese,Expensive,Stapleton,11:30,17:00,0,False
417,Summit Cereal Bar,French,Expensive,Sunnyside,08:00,18:30,2,True
418,Elegant Vietnamese Restaurant,American,Cheap,St. George,08:00,21:00,0,True
419,Summit Juice Joint,Indian,Cheap,Brooklyn Heights,10:00,17:30,2,False
420,Gastronomic Diner,Mediterranean,Cheap,Long Island City,10:30,23:30,3,False
421,Ivy League Cantina,American,Cheap,Brooklyn Heights,09:00,23:30,1,False
422,Aromatic Parlor,American,Expensive,Tribeca,12:30,19:30,2,False
423,Summit Gastropub,Chinese,Cheap,Westerleigh,11:00,19:00,4,False
424,Juicy Taphouse,American,Cheap,Upper West Side,10:30,20:00,2,False
425,Flavorful Gastropub,French,Medium,Pelham Bay,08:00,19:00,0,True
426,Delicious Noodle House,Indian,Medium,Flushing,10:30,20:30,1,True
427,Pineapple Eatery,Indian,Cheap,Jackson Heights,12:30,20:00,4,False
428,Satisfying Brewpub,Mediterranean,Expensive,Park Slope,12:30,22:30,0,False
429,Foggy House,Japanese,Cheap,Hunts Point,11:00,21:00,1,False
430,Fusion Winery,Indian,Expensive,Prospect Heights,11:30,19:30,3,False
431,Sunny Frozen Yogurt Shop,Indian,Cheap,St. George,09:30,23:00,0,False
432,Ivy League Wine Bar,Mexican,Cheap,Jamaica,10:00,17:30,4,False
433,Palm Tree Brasserie,Japanese,Cheap,Fordham,10:30,19:00,0,False
434,Palatable Cafe,Italian,Expensive,Greenwich Village,08:30,18:30,5,False
435,Savory Bagel Shop,Italian,Medium,Eltingville,09:00,18:00,4,False
436,Coastal Bakery,Japanese,Cheap,Woodside,12:00,19:30,2,True
437,Oceanfront Cider House,Mexican,Expensive,Belmont,10:00,22:00,1,False
438,Rainforest Dive Bar,Indian,Cheap,Prospect Heights,09:00,21:00,5,True
439,Seaside Cantina,Chinese,Cheap,Greenpoint,11:00,17:00,2,False
440,Aromatic Eatery,Italian,Medium,Belmont,10:30,23:00,4,False
441,Family Whiskey Bar,Chinese,Expensive,Long Island City,10:00,19:30,3,True
442,Fusion Place,Mediterranean,Expensive,Fordham,08:00,16:00,2,True
443,Fresh Parlor,Chinese,Expensive,Greenpoint,09:00,17:30,2,True
444,Brick Oven Tapas Bar,French,Cheap,Upper East Side,12:30,20:00,2,False
445,Quaint Bistro,Thai,Expensive,Woodside,08:30,19:30,4,True
446,Zesty Dive Bar,French,Expensive,Hunts Point,10:00,16:00,2,True
447,Hearty Cafeteria,Chinese,Medium,Bushwick,12:30,19:00,5,True
448,Golden Harvest Oyster House,Japanese,Expensive,Great Kills,11:30,21:00,4,False
449,Tasty Palace,French,Expensive,Lower East Side,11:30,20:00,3,False
450,Orchid Chocolate Shop,Japanese,Expensive,Astoria,11:00,18:00,1,False
451,Delicious Doughnut Shop,Chinese,Expensive,Morris Park,09:00,17:30,1,True
452,Sizzle Yogurt Shop,American,Expensive,Westerleigh,09:30,22:30,1,True
453,Retro Cake Shop,Japanese,Medium,Brooklyn Heights,10:30,23:00,3,False
454,Under the Stars Bakery,Chinese,Expensive,Morris Park,08:30,20:30,4,False
455,Mouthwatering Bakery,Indian,Expensive,Tribeca,11:30,18:30,5,True
456,Bamboo Grove Winery,Mediterranean,Cheap,Brooklyn Heights,12:30,20:00,1,False
457,Irresistible Doughnut Shop,American,Expensive,St. George,10:00,17:30,5,False
458,Golden Gate Smoothie Bar,Chinese,Medium,Flushing,09:00,16:30,0,True
459,Under the Stars Pub,Thai,Medium,Long Island City,09:30,19:30,5,True
460,Highlands Tearoom,Chinese,Cheap,SoHo,11:30,21:30,0,True
461,Valley Taproom,Mexican,Expensive,Woodside,12:30,20:00,5,False
462,Mouthwatering Court,Thai,Medium,Great Kills,12:30,18:00,0,True
463,Island Bar & Grill,American,Expensive,Greenpoint,11:30,22:00,3,True
464,Classic Bar & Grill,Japanese,Medium,Tottenville,09:30,15:00,4,False
465,Tender Burger Joint,Japanese,Cheap,St. George,08:00,15:00,2,True
466,Flavorful Alehouse,Thai,Medium,Jackson Heights,10:00,17:00,5,True
467,Underground Eatery,Mediterranean,Medium,Flatbush,09:00,15:30,0,True
468,Exquisite Taproom,Indian,Expensive,Sunnyside,10:00,20:30,3,False
469,Tender House,American,Medium,Pelham Bay,08:30,16:00,5,False
470,Hilltop Sushi Bar,Mediterranean,Cheap,Brooklyn Heights,08:00,18:00,1,False
471,Tasty Tea Room,Italian,Medium,New Dorp,09:00,20:00,0,False
472,Pineapple Yogurt Shop,Indian,Expensive,Greenpoint,09:30,18:30,1,False
473,Harbor View Kitchenette,Chinese,Cheap,Tompkinsville,12:30,23:30,5,True
474,Zesty Winery,American,Medium,Belmont,12:00,22:30,4,True
475,Flavorful Cuisine,American,Medium,Belmont,12:30,19:00,3,True
476,Satisfying Deli,Thai,Medium,Prospect Heights,08:30,19:00,5,True
477,Fresh Distillery,Mexican,Medium,Upper East Side,09:30,15:30,2,True
478,Oceanfront Eatery,Italian,Expensive,Westerleigh,08:30,22:00,2,True
479,Gastronomic Restaurant,Chinese,Medium,Long Island City,09:30,18:30,5,True
480,Royal Cantina,Italian,Cheap,Williamsburg,09:00,18:30,4,False
481,Homestyle Cafeteria,Mexican,Medium,Hunts Point,10:30,18:30,4,False
482,Sensational Dessert Bar,Mexican,Expensive,Jamaica,11:00,17:00,0,False
483,Homestyle Cake Shop,Mediterranean,Cheap,Ridgewood,09:00,23:30,0,False
484,Mouthwatering Brewery,American,Cheap,Eltingville,09:30,21:30,1,True
485,Zesty Cake Shop,Thai,Expensive,Upper East Side,08:00,20:30,2,True
486,Tasty Yogurt Shop,Mediterranean,Medium,Mott Haven,11:30,17:00,4,False
487,Hilltop Alehouse,Chinese,Cheap,Woodside,08:30,20:30,0,False
488,Zesty Smoothie Shop,Chinese,Medium,SoHo,10:00,20:00,4,False
489,Classic Dive Bar,American,Cheap,Ridgewood,10:30,17:30,5,False
490,Zesty Noodle House,Thai,Expensive,Stapleton,11:00,23:30,3,True
491,Fresh Noodle House,Indian,Expensive,Williamsburg,10:30,22:00,3,False
492,Satisfying Grill & Bar,Chinese,Medium,Midtown Manhattan,08:30,15:00,5,False
493,Tropical Doughnut Shop,French,Expensive,Lower East Side,11:30,22:00,0,False
494,Zen Oyster House,Italian,Cheap,Greenpoint,08:30,20:30,4,True
495,Valley Chophouse,Thai,Cheap,New Dorp,12:30,21:30,5,False
496,Charming Sushi Bar,American,Cheap,Stapleton,09:00,17:00,4,False
497,Irresistible Chophouse,Chinese,Cheap,Flushing,11:00,21:00,5,True
498,Divine Dive Bar,Chinese,Cheap,Riverdale,11:00,20:00,2,True
499,Tropical Juice Bar,Indian,Expensive,Upper West Side,12:00,22:30,3,True
500,Scrumptious Brasserie,American,Cheap,Tottenville,08:00,22:30,3,True
501,Gastronomic Tiki Bar,Chinese,Cheap,Stapleton,08:30,16:30,0,False
502,Royal Joint,Mexican,Cheap,Forest Hills,10:00,19:30,3,True
503,Firehouse Gelato Shop,Japanese,Expensive,Prospect Heights,12:30,21:00,3,True
504,Authentic Pizzeria,Chinese,Expensive,Stapleton,12:30,21:30,3,False
505,Seaside Taco Shack,Italian,Expensive,Tribeca,08:30,20:30,0,False
506,Wholesome Court,French,Expensive,Belmont,10:30,19:00,5,False
507,Delicious Coffeehouse,Mediterranean,Medium,Mott Haven,11:00,18:00,0,False
508,Gourmet Tea Room,Japanese,Expensive,Soundview,08:30,18:30,0,False
509,Tasty Parlor,Mediterranean,Expensive,Throgs Neck,11:30,20:00,0,False
510,Royal Cereal Bar,Chinese,Cheap,Greenpoint,11:00,19:00,0,False
511,Sandy Beach Oyster House,Mexican,Expensive,Crown Heights,10:00,21:30,2,False
512,Serenity Tearoom,American,Medium,Eltingville,10:00,16:30,0,True
513,Authentic Brewery,Mediterranean,Cheap,Tottenville,12:00,23:30,5,False
514,Cozy Lounge,American,Medium,Soundview,08:00,14:30,4,True
515,Zen Ice Cream Parlor,Thai,Expensive,Westerleigh,11:00,20:30,1,True
516,Charming Brewery,American,Medium,Morris Park,09:00,20:30,2,True
517,Coastal Eatery,Thai,Medium,Stapleton,11:00,20:00,5,False
518,Sensational House,American,Medium,Stapleton,09:00,16:00,3,False
519,Mountain View Restaurant,Chinese,Expensive,Throgs Neck,11:00,23:30,3,False
520,Savor Candy Store,Japanese,Cheap,Sunnyside,11:00,22:30,1,False
521,Spicy Creamery,Chinese,Medium,Flushing,11:30,20:30,1,True
522,Mouthwatering Lounge,Thai,Medium,SoHo,10:30,23:00,1,True
523,Divine Grill & Bar,Mexican,Cheap,Crown Heights,08:00,22:30,5,False
524,Moonshine Joint,Chinese,Cheap,Mott Haven,09:00,20:30,5,False
525,Tasty Winery,Japanese,Expensive,Jackson Heights,11:00,20:30,2,True
526,Ivy League Tea Room,Italian,Expensive,Harlem,11:30,17:00,4,False
527,Underground Winery,Indian,Expensive,Williamsburg,09:00,23:00,5,True
528,Palatable Fish House,Italian,Medium,Westerleigh,08:30,21:30,2,True
529,Cherry Blossom Brasserie,Mexican,Expensive,Brooklyn Heights,10:00,19:30,5,True
530,Divine Joint,Japanese,Expensive,Crown Heights,11:00,22:00,2,False
531,Divine Smoothie Bar,Thai,Expensive,Midtown Manhattan,10:00,19:00,5,False
532,Serenity Cantina,Chinese,Expensive,New Dorp,09:00,20:00,0,True
533,Zesty Diner,Thai,Medium,Ridgewood,09:30,23:00,3,True
534,Charming Dessert Bar,Indian,Medium,Hunts Point,08:00,18:30,1,True
535,Yummy Fish House,Chinese,Medium,Stapleton,12:00,21:00,1,False
536,Seaside Pub,Italian,Expensive,Hunts Point,12:30,18:30,2,True
537,Island Ramen House,Mexican,Medium,Harlem,09:00,15:00,4,False
538,Vintage Pub,Chinese,Medium,Annadale,09:30,19:30,5,False
539,Elegant Cantina,Mexican,Expensive,Eltingville,12:30,18:00,2,False
540,Underground Brewery,Japanese,Cheap,Park Slope,11:00,18:30,0,True
541,Fresh Burger Joint,Mexican,Expensive,Upper East Side,10:30,20:30,3,True
542,Zesty Cookie Shop,Indian,Medium,Sunnyside,08:00,20:30,1,True
543,Golden Harvest Chophouse,Thai,Cheap,Throgs Neck,10:30,18:30,2,True
544,Zesty Doughnut Shop,American,Medium,Tompkinsville,10:30,23:30,4,True
545,Fusion Eatery,Indian,Expensive,Jackson Heights,10:30,18:30,2,False
546,Quaint House,French,Cheap,Tompkinsville,11:30,17:00,0,True
547,Valley Tavern,Italian,Medium,Chelsea,10:30,21:00,4,False
548,Quaint Grill,Italian,Medium,Jackson Heights,12:30,23:00,4,False
549,Bamboo Grove Spot,Chinese,Expensive,Belmont,08:30,21:00,2,True
550,Palm Tree Whiskey Bar,Thai,Cheap,Mott Haven,09:00,22:00,3,False
551,Ivy League Court,French,Medium,Prospect Heights,10:00,19:00,0,False
552,Spicy Ice Cream Parlor,Japanese,Medium,Jackson Heights,09:30,23:00,2,False
553,Pineapple Cocktail Lounge,Mediterranean,Cheap,Prospect Heights,10:00,16:30,2,False
554,Savory Cafe,Mexican,Expensive,Sunnyside,08:30,18:30,4,False
555,Royal House,French,Cheap,Forest Hills,09:00,23:30,2,True
556,Crisp Winery,Mexican,Cheap,Astoria,10:00,22:00,3,True
557,Sandy Beach Winery,Thai,Cheap,Forest Hills,09:00,21:00,5,False
558,Flavorful Grill & Bar,French,Cheap,Mott Haven,10:00,21:30,4,False
559,Rooftop Palace,Chinese,Medium,Jackson Heights,10:30,16:00,2,False
560,Mouthwatering Gastropub,Mediterranean,Cheap,Stapleton,12:30,20:00,4,True
561,Delectable Grill & Bar,French,Expensive,Bedford-Stuyvesant,09:30,23:00,2,True
562,Island Gelato Shop,American,Expensive,Greenwich Village,12:30,23:00,1,False
563,Wholesome House,Indian,Expensive,Greenpoint,10:30,18:00,0,False
564,Pineapple Eatery,American,Expensive,Soundview,10:00,22:30,3,False
565,Royal Tavern,Mediterranean,Cheap,Upper East Side,10:30,18:00,2,True
566,Coconut Cove Gelato Shop,Italian,Cheap,Great Kills,11:30,21:00,1,True
567,Orchid Winery,Italian,Medium,Riverdale,08:30,18:00,2,False
568,Valley Steakhouse,Mexican,Expensive,Astoria,09:30,16:00,1,True
569,Blue Bayou Pastry Shop,Chinese,Medium,Long Island City,12:30,23:30,2,False
570,Aromatic Coffeehouse,Mediterranean,Medium,Fordham,10:30,22:00,5,False
571,Moonshine Gastropub,Mexican,Cheap,Eltingville,12:00,18:30,4,True
572,Countryside House,Japanese,Cheap,Fordham,08:30,15:30,1,False
573,Scrumptious Court,American,Medium,Bushwick,09:00,15:00,5,True
574,Charming Cafe,American,Cheap,Park Slope,12:00,19:00,1,True
575,Homestyle Pub,French,Cheap,Flatbush,10:00,23:30,4,False
576,Delectable Steakhouse,French,Medium,Tompkinsville,08:30,16:00,2,False
577,Sunny Cafe,American,Medium,Flushing,12:30,19:00,2,True
578,Tender Yogurt Shop,Chinese,Medium,Astoria,11:00,22:30,3,True
579,Bamboo Grove Sushi Bar,Italian,Expensive,Williamsburg,12:30,22:30,1,True
580,Underground Doughnut Shop,French,Cheap,Tribeca,10:00,23:30,0,True
581,Charming Bakery,Indian,Expensive,Park Slope,11:30,17:00,2,True
582,Charming Bar & Grill,American,Expensive,Jackson Heights,11:00,22:30,1,True
583,Orchid Vineyard,Mexican,Expensive,Lower East Side,08:30,21:00,0,True
584,Authentic Smoothie Bar,American,Cheap,Upper West Side,09:00,16:00,5,True
585,Foggy Cookie Shop,Italian,Cheap,Bushwick,11:30,17:30,0,False
586,Gastronomic Lounge,Japanese,Cheap,Woodside,10:30,22:30,4,True
587,Hilltop Taco Shack,Italian,Cheap,Prospect Heights,12:00,18:30,2,True
588,Savory Fish House,Thai,Expensive,Throgs Neck,10:00,20:00,0,False
589,Tasty Distillery,French,Expensive,Long Island City,12:30,19:00,3,True
590,Rooftop Winery,Italian,Medium,New Dorp,10:30,19:30,3,True
591,Charming Inn,Italian,Medium,Bedford-Stuyvesant,09:30,19:00,1,False
592,Elegant Yogurt Shop,Mediterranean,Expensive,Riverdale,08:30,14:00,0,False
593,Fresh Brewery,Japanese,Cheap,Astoria,08:00,17:30,3,True
594,Zesty Noodle House,French,Cheap,Chelsea,12:30,23:30,2,False
595,Foggy Noodle House,French,Cheap,Riverdale,11:30,20:00,0,True
596,Flavorful Fish House,American,Medium,Hunts Point,11:00,17:30,2,False
597,Heavenly Juice Bar,Mediterranean,Expensive,Fordham,09:00,21:00,2,False
598,Spicy Pastry Shop,Mexican,Cheap,Upper East Side,10:30,18:30,4,False
599,Mountain View Tavern,Indian,Medium,Pelham Bay,12:30,21:00,2,False
600,Rustic Smoothie Shop,Thai,Cheap,Forest Hills,08:30,20:00,4,False
601,Wholesome Candy Store,Mexican,Cheap,Greenpoint,09:30,21:00,0,False
602,Sizzle Grill,Mexican,Medium,Upper East Side,11:00,17:00,4,False
603,Harbor View Winery,Japanese,Expensive,Upper West Side,08:00,16:00,3,False
604,Rustic House,French,Expensive,Soundview,09:00,17:30,0,True
605,Delicious Kitchenette,Chinese,Expensive,Astoria,09:00,16:30,1,False
606,Palm Tree Noodle House,Italian,Expensive,Harlem,09:00,18:00,5,False
607,Irresistible Chophouse,Japanese,Medium,Prospect Heights,12:30,18:30,4,True
608,Countryside Taphouse,American,Expensive,Bedford-Stuyvesant,08:00,19:00,5,True
609,Sizzling Cantina,Japanese,Medium,Bushwick,12:30,19:00,2,False
610,Orchid Gastropub,Chinese,Cheap,Eltingville,12:00,19:30,1,False
611,Rustic Creamery,Thai,Expensive,Harlem,11:00,21:30,3,True
612,Homestyle Sushi Bar,American,Cheap,Crown Heights,09:30,18:30,2,True
613,Flavorful Distillery,Italian,Expensive,Forest Hills,12:00,18:30,0,True
614,Tender Deli,French,Expensive,Tottenville,12:00,19:00,0,True
615,Mountain View Cocktail Lounge,Chinese,Cheap,Eltingville,09:00,18:30,1,True
616,Sunset Grill,Japanese,Cheap,Eltingville,09:30,20:30,1,True
617,Moonshine Pizzeria,Thai,Cheap,Jamaica,09:30,15:00,3,False
618,Oceanic Place,Indian,Expensive,Westerleigh,08:00,20:00,4,True
619,Harbor View Noodle House,Thai,Expensive,Lower East Side,11:00,18:30,4,True
620,Valley Deli,Mexican,Cheap,Astoria,08:30,21:00,2,False
621,Fusion Gastropub,Japanese,Cheap,Great Kills,12:00,23:30,1,False
622,Oceanfront Doughnut Shop,Italian,Medium,Jackson Heights,11:00,23:00,2,True
623,Spice Route Whiskey Bar,Thai,Expensive,Fordham,09:00,16:00,3,True
624,Serenity Tea Room,Mexican,Medium,Soundview,08:30,16:30,4,False
625,Savory Place,French,Expensive,Fordham,11:00,17:30,5,True
626,Authentic Juice Joint,Indian,Medium,Fordham,12:00,21:30,1,True
627,Lakefront Vineyard,Mediterranean,Expensive,Upper East Side,09:00,15:30,5,False
628,Rustic Tiki Bar,Thai,Expensive,Greenpoint,09:30,22:00,0,False
629,Tropical Oyster House,Indian,Cheap,Mott Haven,10:00,19:00,2,True
630,Rainforest Brasserie,Indian,Medium,Sunnyside,10:30,20:30,0,True
631,Classic Gelato Shop,Thai,Cheap,Hunts Point,09:00,15:30,0,True
632,Savor Chophouse,Chinese,Medium,Pelham Bay,10:00,17:00,1,False
633,Tropical Wine Bar,Mediterranean,Cheap,Tribeca,08:30,22:00,0,True
634,Mountain View Cantina,Italian,Expensive,Chelsea,08:30,23:30,0,True
635,Authentic Tapas Bar,Japanese,Medium,Park Slope,10:00,17:30,2,True
636,Palm Tree Eatery,Italian,Expensive,Jackson Heights,11:00,18:00,1,True
637,Zesty Taco Shack,Japanese,Cheap,Tribeca,08:30,19:30,2,False
638,Mountain View Alehouse,Mediterranean,Expensive,Williamsburg,11:30,23:30,5,False
639,Highlands Grill,Thai,Medium,Greenwich Village,09:00,19:00,4,True
640,Harbor View Pastry Shop,Japanese,Medium,Bushwick,11:30,21:30,2,False
641,Rooftop Eatery,Italian,Cheap,Ridgewood,12:00,21:30,3,True
642,Flavorful Juice Bar,Japanese,Medium,Great Kills,10:30,17:30,2,False
643,Highlands Steakhouse,Mexican,Cheap,Hunts Point,08:00,16:00,5,False
644,Divine Smoothie Shop,American,Cheap,Tottenville,10:30,18:30,2,False
645,Aromatic Burger Joint,French,Expensive,Astoria,09:30,16:30,2,True
646,Seaside Candy Store,Thai,Cheap,Annadale,10:00,22:30,4,True
647,Savory Crepery,Thai,Medium,Woodside,10:30,16:30,2,True
648,Gastronomic Dessert Bar,Mexican,Cheap,Harlem,10:00,21:00,5,True
649,Moonshine Alehouse,Indian,Expensive,Brooklyn Heights,10:30,21:30,2,True
650,Spice Route Cafeteria,Mediterranean,Medium,Tottenville,09:00,15:30,2,False
651,Savory Parlor,Chinese,Cheap,Park Slope,08:30,15:00,5,True
652,Exquisite Yogurt Shop,Japanese,Medium,Throgs Neck,08:30,20:30,3,False
653,Moonshine Alehouse,Thai,Cheap,Belmont,10:30,22:00,2,True
654,Savory Sushi Bar,American,Expensive,Morris Park,10:30,20:00,0,False
655,Retro Gelato Shop,Indian,Expensive,Harlem,11:30,17:00,5,True
656,Sapphire Bagel Shop,French,Medium,Great Kills,08:30,17:00,5,False
657,Savory Gelato Shop,Thai,Medium,Eltingville,10:00,20:30,2,False
658,Zen Speakeasy,French,Cheap,Throgs Neck,08:30,15:30,0,False
659,Pineapple Taco Shack,Mediterranean,Expensive,Tribeca,08:30,16:30,1,False
660,Zesty Chocolate Shop,French,Cheap,St. George,11:30,19:00,4,True
661,Zesty Cantina,Mexican,Cheap,Forest Hills,08:30,22:30,4,True
662,Riverside Bistro,Mediterranean,Medium,Greenwich Village,10:30,19:30,0,True
663,Serenity Kitchen,French,Cheap,Woodside,08:30,18:00,1,True
664,Flavorful Tearoom,French,Expensive,Brooklyn Heights,09:00,16:30,1,True
665,Gastronomic Cafeteria,Chinese,Cheap,Morris Park,12:30,18:30,3,True
666,Sapphire Wine Bar,Mexican,Medium,Long Island City,09:30,17:00,3,False
667,Countryside Crepery,Mediterranean,Expensive,Greenpoint,11:00,20:30,3,False
668,Tropical Cookie Shop,American,Medium,Astoria,11:00,21:30,1,False
669,Valley Gastropub,Italian,Cheap,Pelham Bay,10:00,20:00,3,True
670,Aromatic Cantina,Indian,Cheap,St. George,12:30,18:00,2,True
671,Golden Harvest Smokehouse,Indian,Cheap,Great Kills,09:30,20:00,5,True
672,Wholesome Restaurant,Japanese,Medium,Bedford-Stuyvesant,09:00,22:30,0,False
673,Satisfying Gastropub,Chinese,Expensive,Upper West Side,09:30,22:30,5,False
674,Sweet Pea Oyster Bar,American,Medium,Ridgewood,10:00,21:00,1,False
675,Mouthwatering Diner,French,Expensive,Tribeca,09:00,22:00,2,True
676,Palatable Tearoom,Italian,Cheap,Brooklyn Heights,10:00,20:00,0,False
677,Countryside Taproom,Mediterranean,Cheap,Pelham Bay,09:30,19:00,5,False
678,Retro Noodle House,Indian,Medium,Ridgewood,08:30,14:30,4,True
679,Flavorful Tavern,Italian,Expensive,SoHo,09:30,18:30,2,False
680,Oceanfront Joint,Chinese,Cheap,Soundview,10:30,17:30,0,False
681,Brick Oven Brewpub,Italian,Medium,Tompkinsville,11:30,23:30,5,True
682,Moonshine House,Mexican,Medium,Tompkinsville,10:30,19:00,0,True
683,Royal Fish House,Indian,Medium,Fordham,09:00,19:00,3,False
684,Heavenly Tea Room,Japanese,Cheap,Jamaica,08:30,23:00,2,False
685,Urban Cafeteria,Thai,Medium,Jamaica,09:30,15:00,1,True
686,Spice Route Crepery,Thai,Expensive,Fordham,08:00,18:30,3,True
687,Sensational Cafe,American,Expensive,Woodside,11:00,23:00,5,True
688,Gastronomic Chophouse,Italian,Expensive,Upper East Side,10:30,23:00,4,True
689,Homestyle Parlor,Indian,Medium,SoHo,12:00,19:00,3,True
690,Coastal Frozen Yogurt Shop,Thai,Medium,Bushwick,10:00,18:30,2,False
691,Hilltop Taco Shack,American,Cheap,Tribeca,08:00,17:30,4,True
692,Mountain View Bakery Cafe,Indian,Medium,Brooklyn Heights,12:30,23:30,4,False
693,Mouthwatering Cake Shop,American,Expensive,Flatbush,09:00,15:00,2,True
694,Classic Lounge,Japanese,Expensive,Annadale,08:30,21:00,1,False
695,Authentic Oyster Bar,Thai,Cheap,Upper West Side,12:30,20:30,2,True
696,Elegant Pastry Shop,Mexican,Medium,Tribeca,12:30,23:30,4,False
697,Vintage Cafeteria,Mediterranean,Medium,Bedford-Stuyvesant,11:30,22:00,1,False
698,Palatable Tavern,Japanese,Cheap,Harlem,08:30,16:00,4,True
699,Flavorful Tea Room,Mediterranean,Medium,Belmont,11:00,17:00,2,False
700,Elegant Lounge,Italian,Medium,Flatbush,08:30,21:30,2,False
701,Urban Wine Bar,Chinese,Expensive,Tottenville,10:00,20:00,2,False
702,Sunset Pizzeria,American,Expensive,Chelsea,09:00,22:30,3,False
703,Wholesome Gelato Shop,Chinese,Medium,Woodside,09:30,23:00,3,True
704,Coastal Kitchenette,Japanese,Cheap,Ridgewood,09:00,19:30,2,True
705,Sapphire Pub,Italian,Medium,Harlem,08:30,18:30,4,False
706,Zen Taproom,Japanese,Expensive,Belmont,10:00,22:00,0,True
707,Rustic Joint,Mediterranean,Expensive,Greenpoint,09:00,18:00,0,True
708,Irresistible Burger Joint,French,Cheap,Prospect Heights,08:30,15:30,0,False
709,Serenity Bagel Shop,American,Medium,Harlem,08:00,16:00,5,True
710,Lakefront Tapas Bar,Thai,Cheap,Long Island City,11:30,22:00,3,True
711,Blue Bayou House,Italian,Medium,Soundview,11:30,22:30,3,True
712,Palm Tree Kitchenette,Italian,Expensive,Park Slope,11:30,17:00,2,False
713,Sandy Beach Inn,Mediterranean,Medium,Annadale,09:00,19:30,4,False
714,Island Tea Room,Mediterranean,Medium,Riverdale,08:30,19:00,4,False
715,Palm Tree Fish House,American,Cheap,Ridgewood,11:30,20:30,5,True
716,Homestyle Chocolate Shop,Mexican,Expensive,Mott Haven,12:00,23:30,3,False
717,Riverside Tiki Bar,Mexican,Cheap,Westerleigh,09:00,23:30,2,False
718,Vintage Grill,Thai,Cheap,Bushwick,08:00,17:30,5,False
719,Lakefront Deli,French,Medium,Riverdale,08:30,23:00,3,True
720,Gourmet Parlor,Mexican,Medium,Eltingville,11:00,19:30,3,False
721,Fusion Chophouse,Mexican,Cheap,Flatbush,11:30,23:30,4,False
722,Zen Deli,Thai,Cheap,Sunnyside,11:30,23:00,0,False
723,Retro Lodge,Japanese,Cheap,Sunnyside,09:30,19:30,5,False
724,Exquisite Burger Joint,French,Cheap,Harlem,10:30,18:00,4,False
725,Retro Bakery,Indian,Cheap,Crown Heights,08:30,21:30,4,True
726,Delectable Chocolate Shop,Mediterranean,Cheap,Tottenville,10:00,19:00,1,False
727,Blue Bayou Doughnut Shop,American,Expensive,Lower East Side,09:30,23:00,5,False
728,Crisp Court,Italian,Cheap,SoHo,12:30,23:30,2,False
729,Spicy Speakeasy,Chinese,Cheap,Jamaica,09:30,17:30,5,False
730,Tropical Brasserie,Thai,Medium,Brooklyn Heights,11:00,21:00,3,True
731,Scrumptious Grill,Chinese,Expensive,Long Island City,08:00,15:30,2,True
732,Divine Ice Cream Parlor,American,Expensive,Fordham,11:00,17:00,2,False
733,Palatable Restaurant,Thai,Expensive,Brooklyn Heights,10:30,18:30,2,True
734,Bamboo Grove Yogurt Shop,French,Expensive,Great Kills,09:30,15:00,0,True
735,Savory Hideaway,Mediterranean,Expensive,Forest Hills,10:30,20:30,0,True
736,Brick Oven Noodle House,French,Expensive,Astoria,12:30,20:30,4,False
737,Charming BBQ Joint,Mexican,Cheap,Fordham,08:00,22:00,0,True
738,Royal Cookie Shop,Italian,Expensive,Sunnyside,11:30,18:30,5,True
739,Tropical Steakhouse,Japanese,Cheap,Prospect Heights,12:30,23:00,0,False
740,Riverside Grill & Bar,Mediterranean,Cheap,Tompkinsville,10:00,23:00,5,True
741,Rooftop Place,Italian,Cheap,Flushing,08:00,22:30,2,False
742,Wholesome Joint,Thai,Cheap,Annadale,12:30,18:00,1,False
743,Maplewood Dive Bar,Italian,Cheap,Morris Park,08:00,22:00,2,True
744,Coconut Cove Cantina,Italian,Cheap,Chelsea,10:00,19:30,3,False
745,Succulent Inn,Italian,Medium,Morris Park,11:30,21:30,2,True
746,Orchid Bakery,American,Cheap,Bedford-Stuyvesant,10:30,16:00,5,False
747,Ivy League Court,American,Medium,Fordham,10:00,19:30,1,True
748,Sizzling Cuisine,Japanese,Medium,Williamsburg,08:00,15:00,4,True
749,Oceanfront Crepery,Indian,Medium,Bedford-Stuyvesant,08:30,22:00,5,True
750,Fresh Kitchenette,Mexican,Expensive,Flushing,11:30,17:00,2,False
751,Highlands Lounge,Indian,Expensive,Ridgewood,10:00,22:30,3,True
752,Foggy Brewpub,Italian,Cheap,Chelsea,09:30,17:30,3,True
753,Brick Oven Hideaway,Indian,Cheap,Williamsburg,09:00,22:30,5,False
754,Savory Speakeasy,Thai,Cheap,Throgs Neck,10:00,22:30,3,True
755,Retro Inn,French,Cheap,Bushwick,11:00,18:30,4,True
756,Sapphire Gelato Shop,Indian,Expensive,Flushing,12:00,23:00,1,True
757,Palatable Spot,Italian,Cheap,Upper East Side,08:00,22:30,0,True
758,Sunny Cider House,Chinese,Medium,Prospect Heights,08:30,15:00,5,True
759,Juicy Boulangerie,Indian,Medium,Sunnyside,09:30,20:00,2,True
760,Aromatic Joint,Italian,Medium,St. George,12:30,21:30,1,False
761,Quaint Deli,Mexican,Expensive,New Dorp,10:30,20:30,3,False
762,Valley Taproom,Thai,Medium,Greenpoint,12:00,18:30,3,True
763,Fresh Tea Room,Mediterranean,Cheap,Bedford-Stuyvesant,09:00,19:00,2,True
764,Flavorful Doughnut Shop,Chinese,Cheap,Flushing,10:30,20:30,4,True
765,Sunset Parlor,Italian,Expensive,Upper West Side,08:00,19:30,5,True
766,Golden Harvest Taphouse,Italian,Expensive,Woodside,10:30,23:30,1,False
767,Scrumptious Bakery,French,Cheap,Westerleigh,11:30,18:00,2,False
768,Aromatic Fish House,Japanese,Cheap,Lower East Side,09:00,19:30,3,True
769,Ivy League Lodge,Italian,Expensive,New Dorp,09:30,23:00,5,False
770,Cherry Blossom Parlor,Indian,Expensive,Greenpoint,08:00,17:30,1,False
771,Zesty Noodle House,Japanese,Cheap,Chelsea,09:30,17:00,5,False
772,Juicy Vietnamese Restaurant,Chinese,Medium,Forest Hills,11:30,21:00,3,True
773,Retro Vineyard,Mediterranean,Expensive,Tottenville,11:30,18:00,5,False
774,Tender Joint,Indian,Medium,Astoria,08:30,21:30,2,False
775,Flavorful Bakery,Mediterranean,Cheap,Westerleigh,11:00,23:30,2,False
776,Riverside Whiskey Bar,Italian,Cheap,Brooklyn Heights,12:00,18:30,1,True
777,Rooftop Kitchen,Mediterranean,Cheap,Fordham,11:30,18:30,5,False
778,Elegant Grill & Bar,Chinese,Medium,Morris Park,10:00,23:30,2,True
779,Zesty Steakhouse,Chinese,Medium,Brooklyn Heights,11:30,23:30,3,False
780,Family Smoothie Bar,American,Cheap,Greenpoint,10:00,17:00,3,False
781,Fresh Winery,Chinese,Cheap,Long Island City,11:00,20:00,0,True
782,Island Lounge,Italian,Cheap,Jamaica,10:00,17:30,5,False
783,Oceanfront Cocktail Lounge,French,Cheap,Forest Hills,08:00,19:30,0,False
784,Cherry Blossom Smokehouse,Italian,Expensive,Crown Heights,08:30,14:30,5,True
785,Sunny Kitchenette,Mediterranean,Expensive,Jackson Heights,09:00,22:30,5,True
786,Rustic Taproom,Mediterranean,Expensive,Hunts Point,12:30,18:30,0,True
787,Mouthwatering Cookie Shop,Indian,Cheap,Chelsea,11:00,17:30,2,True
788,Gourmet Noodle House,Mediterranean,Cheap,Pelham Bay,08:00,19:00,3,True
789,Golden Gate Pub,Indian,Cheap,Belmont,09:30,18:30,1,False
790,Maplewood Yogurt Shop,Japanese,Cheap,Harlem,11:00,23:30,0,True
791,Underground Bakery Cafe,Thai,Medium,Upper East Side,11:00,17:00,0,False
792,Crisp Crepery,Indian,Cheap,Great Kills,10:30,23:00,4,False
793,Scrumptious Pizzeria,Italian,Medium,Astoria,10:30,22:00,1,False
794,Sizzling Cantina,American,Cheap,Flatbush,12:00,23:30,2,True
795,Hearty Grill,Mexican,Medium,Riverdale,08:30,21:30,4,True
796,Spicy Winery,Thai,Medium,Greenpoint,09:00,18:00,3,False
797,Rustic Inn,Mexican,Expensive,Hunts Point,09:00,17:00,2,True
798,Hilltop Sushi Bar,Chinese,Medium,Stapleton,09:30,20:00,1,False
799,Heavenly Whiskey Bar,Mexican,Expensive,Morris Park,12:00,20:30,0,False
800,Sapphire Crepery,Chinese,Expensive,Hunts Point,12:30,23:30,1,True
801,Family Kitchen,Japanese,Expensive,Bedford-Stuyvesant,11:30,23:00,1,True
802,Sizzle Diner,Indian,Medium,Long Island City,10:00,16:30,1,False
803,Valley Tea Room,Italian,Expensive,Williamsburg,10:30,16:00,4,False
804,Heavenly Cuisine,Italian,Medium,Eltingville,09:30,21:30,5,True
805,Yummy Cider House,American,Expensive,Belmont,09:00,19:00,0,False
806,Moonlight Winery,Chinese,Cheap,Upper East Side,09:30,19:30,2,False
807,Rustic Court,Indian,Medium,Westerleigh,09:30,22:30,5,False
808,Blue Bayou Juice Bar,American,Expensive,Tottenville,11:30,23:30,1,False
809,Tender Chophouse,French,Cheap,Greenwich Village,08:00,16:30,1,False
810,Sapphire Noodle House,Indian,Cheap,Harlem,10:00,22:30,1,False
811,Spice Route Cookie Shop,American,Expensive,Greenwich Village,10:30,18:30,4,True
812,Vintage Candy Store,Japanese,Medium,Mott Haven,08:30,14:30,2,True
813,Spicy Inn,French,Medium,Ridgewood,12:30,21:30,2,False
814,Tasty Fish House,Chinese,Cheap,Astoria,10:30,22:00,1,False
815,Rainforest Grill & Bar,Mediterranean,Expensive,Tompkinsville,11:30,21:00,2,True
816,Golden Gate Sushi Bar,Chinese,Cheap,Ridgewood,11:30,21:30,0,True
817,Island Fish House,Mexican,Expensive,Bedford-Stuyvesant,10:30,19:00,3,False
818,Fresh Oyster Bar,Japanese,Medium,Tompkinsville,11:30,23:00,3,True
819,Palatable Taproom,Thai,Expensive,Flatbush,10:00,19:30,2,False
820,Bamboo Grove Palace,Indian,Expensive,Prospect Heights,10:00,21:00,3,False
821,Serenity Kitchenette,Indian,Medium,Long Island City,09:30,18:30,1,True
822,Underground Court,Japanese,Medium,Park Slope,10:30,21:00,5,False
823,Rustic Doughnut Shop,Indian,Medium,Flushing,12:00,18:00,5,False
824,Mountain View Grill,Mexican,Cheap,Soundview,11:00,21:00,3,False
825,Rooftop Palace,Italian,Medium,Astoria,08:30,21:30,1,True
826,Retro Tavern,Indian,Medium,Crown Heights,08:00,16:30,3,True
827,Retro Tea Room,Mediterranean,Expensive,Jackson Heights,12:30,20:00,1,True
828,Sunset Burger Joint,Indian,Medium,Upper East Side,10:00,18:30,1,False
829,Moonshine Eatery,Italian,Medium,Crown Heights,11:30,17:00,3,False
830,Tropical Court,French,Medium,Upper West Side,10:30,17:00,0,True
831,Ivy League Frozen Yogurt Shop,American,Medium,Morris Park,11:30,22:30,5,False
832,Sensational Spot,Thai,Expensive,Belmont,09:00,18:00,5,False
833,Serenity House,Indian,Cheap,Greenpoint,11:30,17:30,4,True
834,Harbor View Winery,Chinese,Expensive,Bushwick,10:30,19:00,2,False
835,Vintage Cafeteria,Mexican,Expensive,Greenpoint,10:30,23:00,4,False
836,Aromatic Bar & Grill,American,Cheap,Mott Haven,10:00,18:00,2,True
837,Seaside Donut Store,Mexican,Expensive,Soundview,08:00,20:30,4,True
838,Quaint Court,French,Cheap,Soundview,08:00,15:30,3,False
839,Flavorful Cuisine,Mexican,Medium,Annadale,12:30,21:30,0,True
840,Bamboo Grove Lounge,Mediterranean,Medium,Upper East Side,12:00,20:00,2,False
841,Heavenly Joint,Indian,Cheap,Bushwick,09:30,15:00,1,True
842,Sandy Beach Bistro,Italian,Expensive,Annadale,08:00,19:00,4,True
843,Crisp Grill & Bar,Japanese,Expensive,Westerleigh,10:30,21:00,0,True
844,Coastal Lodge,French,Cheap,Upper West Side,08:00,18:30,2,True
845,Golden Gate Tea Room,Chinese,Expensive,Tottenville,10:00,18:30,4,True
846,Satisfying Smokehouse,French,Cheap,Belmont,11:30,21:00,0,False
847,Flavorful Whiskey Bar,Mediterranean,Expensive,Morris Park,12:00,22:30,0,True
848,Authentic Eatery,Mediterranean,Expensive,Stapleton,09:30,18:00,5,True
849,Juicy Alehouse,American,Medium,Woodside,12:00,22:00,2,True
850,Hilltop Burger Joint,Mediterranean,Expensive,Greenpoint,11:30,19:00,4,True
851,Authentic Dessert Bar,Thai,Cheap,Crown Heights,12:00,22:00,1,True
852,Gourmet Taproom,Mexican,Expensive,Stapleton,11:00,22:00,4,False
853,Serenity Joint,American,Expensive,SoHo,10:00,17:00,2,True
854,Heavenly Cantina,Mediterranean,Expensive,Great Kills,08:00,15:00,1,False
855,Wholesome Bakery,Mediterranean,Medium,Woodside,08:30,19:30,2,False
856,Coconut Cove Place,Chinese,Medium,Bedford-Stuyvesant,10:30,23:30,1,True
857,Orchid Joint,Thai,Cheap,Belmont,11:00,18:30,3,True
858,Countryside Pastry Shop,French,Expensive,Lower East Side,11:00,22:00,4,True
859,Homestyle Grill,American,Medium,Soundview,12:00,21:30,4,True
860,Spice Route House,Indian,Cheap,Ridgewood,10:30,22:00,0,False
861,Family Bistro,American,Medium,Greenpoint,08:00,18:30,3,False
862,Yummy Yogurt Shop,Mexican,Expensive,Astoria,09:30,16:30,2,False
863,Authentic Lodge,Indian,Cheap,Stapleton,08:30,14:30,0,True
864,Bamboo Grove Kitchenette,Chinese,Expensive,Jamaica,10:00,16:30,5,False
865,Sweet Pea Noodle House,Indian,Cheap,Fordham,11:00,19:00,0,False
866,Hilltop Restaurant,American,Cheap,Woodside,09:00,19:30,2,True
867,Cherry Blossom Fish House,Mexican,Medium,Williamsburg,12:00,18:30,1,True
868,Countryside Dive Bar,Italian,Medium,Greenpoint,09:00,17:00,4,True
869,Riverside Burger Joint,Indian,Medium,Hunts Point,12:00,23:00,1,False
870,Fresh Cantina,French,Expensive,Mott Haven,09:00,21:30,0,True
871,Rustic Speakeasy,Mediterranean,Medium,Upper West Side,12:00,21:30,2,True
872,Seaside Yogurt Shop,Chinese,Expensive,Brooklyn Heights,10:00,20:30,0,True
873,Rustic Parlor,Japanese,Expensive,Woodside,08:30,22:00,0,True
874,Homestyle Burger Joint,Italian,Expensive,Greenpoint,12:00,19:30,4,True
875,Maplewood Tapas Bar,Indian,Expensive,Riverdale,11:30,17:30,4,True
876,Brick Oven Juice Joint,Japanese,Expensive,Park Slope,09:00,15:00,2,False
877,Irresistible Vietnamese Restaurant,Thai,Cheap,Bedford-Stuyvesant,10:00,20:30,0,False
878,Riverside Creamery,Mediterranean,Medium,Mott Haven,09:30,15:30,4,True
879,Succulent House,Thai,Medium,Prospect Heights,10:30,23:00,5,True
880,Hearty Lodge,French,Cheap,Tribeca,11:30,17:30,4,False
881,Classic Eatery,French,Expensive,Tottenville,09:00,15:00,3,True
882,Retro Lodge,Thai,Cheap,Stapleton,08:30,21:00,2,False
883,Fresh Cafe,Italian,Cheap,Hunts Point,11:30,18:00,1,True
884,Blue Bayou Kitchenette,French,Expensive,Williamsburg,09:00,19:30,4,True
885,Delectable Ice Cream Parlor,Chinese,Expensive,Bedford-Stuyvesant,12:30,20:00,3,False
886,Delicious Dive Bar,Mediterranean,Medium,Mott Haven,09:00,20:00,1,False
887,Irresistible Place,French,Expensive,Tribeca,12:30,21:00,0,False
888,Spice Route Pastry Shop,Mexican,Cheap,Pelham Bay,10:30,18:00,3,True
889,Spicy Vineyard,Mediterranean,Cheap,Flushing,08:30,14:00,3,True
890,Rustic Smoothie Shop,Italian,Medium,Hunts Point,11:00,19:00,0,False
891,Sandy Beach Cafeteria,Mexican,Medium,Morris Park,11:30,22:30,5,True
892,Aromatic Ramen House,Thai,Cheap,Eltingville,09:00,21:00,1,True
893,Oceanic Chocolate Shop,Japanese,Expensive,Fordham,11:30,22:30,5,True
894,Coastal Brasserie,Mexican,Cheap,Bushwick,10:00,23:00,1,True
895,Family Cuisine,Japanese,Cheap,Brooklyn Heights,12:30,23:30,3,True
896,Flavorful Restaurant,American,Cheap,Stapleton,08:30,23:00,4,False
897,Sunset Grill,French,Expensive,Hunts Point,11:30,21:00,3,False
898,Delectable House,Mediterranean,Medium,Prospect Heights,12:30,19:30,5,False
899,Tender Vineyard,Thai,Expensive,Stapleton,09:00,17:00,3,True
900,Palatable House,American,Cheap,Lower East Side,08:30,14:00,1,True
901,Hilltop Gastropub,Mediterranean,Cheap,New Dorp,12:30,18:30,5,True
902,Blue Bayou Grill & Bar,Thai,Cheap,Soundview,10:00,23:00,0,False
903,Cherry Blossom Hideaway,Mexican,Cheap,Astoria,08:30,17:00,3,False
904,Yummy Cafeteria,Japanese,Medium,Upper West Side,11:30,21:30,1,False
905,Rustic Grill & Bar,Mexican,Medium,Bedford-Stuyvesant,08:30,23:30,5,False
906,Rooftop Speakeasy,Indian,Medium,Bedford-Stuyvesant,09:30,19:30,0,False
907,Hearty Joint,Mexican,Medium,Chelsea,10:00,16:30,0,True
908,Aromatic Brasserie,Italian,Medium,Greenpoint,08:30,23:00,3,True
909,Authentic Bakery Cafe,American,Medium,Long Island City,09:30,21:30,4,False
910,Zesty Cafeteria,Japanese,Medium,Midtown Manhattan,12:30,21:30,1,True
911,Flavorful Spot,Mediterranean,Medium,Park Slope,09:30,22:00,2,True
912,Lakefront Parlor,Indian,Medium,Bushwick,10:00,17:00,3,True
913,Rainforest Yogurt Shop,French,Medium,Eltingville,12:30,19:00,5,False
914,Cozy Brasserie,French,Cheap,SoHo,12:00,22:00,1,True
915,Hilltop Ice Cream Parlor,French,Expensive,Woodside,09:30,19:00,2,False
916,Scrumptious Coffeehouse,French,Cheap,Astoria,12:00,23:00,4,True
917,Spice Route Speakeasy,American,Expensive,Belmont,09:30,20:00,5,True
918,Gastronomic Grill,Indian,Expensive,Crown Heights,10:30,18:00,4,False
919,Orchid Steakhouse,Indian,Cheap,Throgs Neck,09:30,22:30,1,False
920,Succulent Brewpub,Japanese,Expensive,Park Slope,08:30,20:00,4,True
921,Flavorful Oyster House,Italian,Medium,Upper East Side,11:30,23:00,4,False
922,Zesty Brasserie,American,Medium,Tottenville,09:30,22:00,0,False
923,Royal Burger Joint,Mexican,Expensive,Harlem,10:00,16:00,1,False
924,Authentic Grill & Bar,Japanese,Expensive,Tompkinsville,08:00,19:30,1,False
925,Palm Tree Diner,Mediterranean,Cheap,Forest Hills,12:30,21:00,1,True
926,Wholesome Grill & Bar,Japanese,Expensive,Bedford-Stuyvesant,11:30,17:30,1,True
927,Vintage Cantina,Indian,Cheap,Westerleigh,09:30,23:30,2,True
928,Coastal Smoothie Bar,Indian,Cheap,Morris Park,11:00,20:00,2,False
929,Yummy Tearoom,American,Cheap,Eltingville,10:00,22:30,1,True
930,Juicy Brewpub,Italian,Expensive,Bushwick,12:30,23:30,5,False
931,Savory Tapas Bar,French,Medium,Upper West Side,09:30,17:30,4,True
932,Highlands Cake Shop,Italian,Cheap,Crown Heights,11:30,17:00,3,True
933,Tender Dive Bar,Chinese,Medium,Flushing,10:30,23:00,4,True
934,Tender Oyster Bar,Thai,Cheap,Throgs Neck,10:30,18:00,2,True
935,Divine Lounge,Indian,Medium,Ridgewood,11:30,17:30,0,False
936,Sunset Lounge,Italian,Cheap,Crown Heights,11:00,20:30,0,True
937,Delectable Oyster Bar,Thai,Expensive,Park Slope,12:00,21:00,5,True
938,Blue Bayou Tea Room,American,Medium,Morris Park,11:00,21:30,0,False
939,Vintage Cookie Shop,Japanese,Cheap,Tottenville,08:30,21:00,5,False
940,Coconut Cove Diner,Thai,Expensive,SoHo,11:00,18:30,1,False
941,Spice Route Ice Cream Parlor,Mediterranean,Medium,Chelsea,09:00,16:00,5,True
942,Aromatic Vineyard,American,Cheap,Chelsea,10:00,22:30,4,False
943,Scrumptious Cocktail Lounge,French,Expensive,Riverdale,12:00,19:00,0,True
944,Serenity Eatery,Thai,Medium,Flushing,09:00,16:30,5,False
945,Cherry Blossom Kitchen,American,Cheap,Greenwich Village,12:30,21:00,3,False
946,Pineapple Juice Joint,Mediterranean,Expensive,Brooklyn Heights,08:00,18:30,3,False
947,Sweet Pea Grill & Bar,Mediterranean,Medium,Flatbush,10:30,23:30,1,False
948,Palatable Creamery,Mediterranean,Expensive,Harlem,10:30,17:00,5,False
949,Heavenly Fish House,Thai,Medium,Flatbush,11:00,18:30,4,False
950,Fresh Winery,Mediterranean,Cheap,Westerleigh,09:00,22:30,2,False
951,Cherry Blossom Vineyard,Japanese,Expensive,Long Island City,12:30,21:00,4,False
952,Juicy Lounge,Japanese,Cheap,Crown Heights,10:30,19:30,1,True
953,Palatable Tea Room,American,Cheap,Bedford-Stuyvesant,08:30,21:00,5,True
954,Seaside Oyster House,French,Expensive,Pelham Bay,08:00,22:00,4,True
955,Firehouse Bar & Grill,French,Expensive,SoHo,09:00,19:00,3,False
956,Hilltop Yogurt Shop,Mediterranean,Medium,Hunts Point,08:00,18:30,0,True
957,Satisfying Chocolate Shop,American,Expensive,Westerleigh,09:00,16:30,0,False
958,Delicious Restaurant,Italian,Expensive,Lower East Side,12:00,21:30,1,False
959,Mouthwatering Joint,Italian,Medium,Tompkinsville,10:00,20:00,2,False
960,Retro Cocktail Lounge,American,Expensive,SoHo,11:00,21:30,1,False
961,Orchid Fish House,Indian,Expensive,Ridgewood,09:30,16:30,1,True
962,Flavorful Brasserie,Indian,Expensive,Upper West Side,09:30,17:00,5,False
963,Moonshine Bakery Cafe,Japanese,Medium,Stapleton,09:30,23:00,3,True
964,Exquisite Brasserie,Chinese,Expensive,Tribeca,11:30,21:30,5,False
965,Vintage Chophouse,Indian,Medium,Flushing,11:30,17:30,5,True
966,Classic Noodle House,Indian,Expensive,Lower East Side,08:30,16:00,3,True
967,Sandy Beach Deli,Indian,Cheap,Brooklyn Heights,10:30,16:30,2,False
968,Royal Eatery,Italian,Medium,Brooklyn Heights,11:00,18:30,2,False
969,Royal BBQ Joint,Japanese,Medium,Soundview,10:30,23:00,0,True
970,Brick Oven Seafood Shack,American,Medium,Stapleton,09:30,20:30,1,True
971,Brick Oven Gelato Shop,Italian,Medium,Forest Hills,09:00,20:00,4,True
972,Moonlight Grill,American,Cheap,Tompkinsville,09:00,17:30,0,False
973,Spice Route Candy Store,Chinese,Medium,Greenpoint,11:00,19:30,1,False
974,Island Cake Shop,American,Expensive,Prospect Heights,12:00,22:30,4,False
975,Sunny Grill,Indian,Expensive,Astoria,09:30,19:30,2,True
976,Riverside Dessert Bar,Thai,Cheap,Prospect Heights,09:00,18:30,4,True
977,Spicy Crepery,Japanese,Cheap,Upper East Side,09:30,23:30,4,False
978,Delicious Lodge,Italian,Expensive,Jamaica,10:30,22:30,0,False
979,Crisp Cuisine,American,Medium,Upper East Side,09:30,15:00,4,True
980,Sandy Beach Tearoom,Mediterranean,Medium,Brooklyn Heights,08:30,22:00,1,True
981,Tropical Doughnut Shop,Italian,Medium,Upper West Side,10:00,22:00,5,True
982,Yummy Burger Joint,Thai,Cheap,Harlem,11:00,17:30,0,True
983,Blue Bayou Burger Joint,Italian,Expensive,Tottenville,12:00,19:30,0,True
984,Foggy Cocktail Lounge,Mediterranean,Cheap,Ridgewood,08:30,16:30,5,True
985,Elegant Inn,Italian,Cheap,Prospect Heights,10:00,22:30,1,True
986,Charming Burger Joint,Italian,Medium,Riverdale,09:00,18:30,3,False
987,Fresh BBQ Joint,Indian,Expensive,Prospect Heights,10:30,22:00,1,True
988,Satisfying Lodge,Italian,Medium,Jackson Heights,12:30,20:30,2,False
989,Divine Seafood Shack,French,Expensive,Harlem,10:30,16:30,3,False
990,Flavorful Gastropub,Mediterranean,Expensive,Greenpoint,09:00,23:30,2,False
991,Savory Cuisine,Thai,Medium,Upper West Side,12:00,18:30,5,False
992,Sizzling Kitchenette,Indian,Expensive,Throgs Neck,08:30,23:30,3,True
993,Sapphire Brewpub,Mediterranean,Expensive,Park Slope,10:30,22:30,5,False
994,Highlands Brewery,Indian,Medium,Upper West Side,08:00,14:00,1,False
995,Brick Oven Joint,Indian,Medium,Long Island City,08:00,23:00,5,False
996,Highlands Ramen House,Mediterranean,Medium,Morris Park,10:00,18:30,2,True
997,Charming Speakeasy,Thai,Cheap,Harlem,09:30,22:30,5,True
998,Divine Fish House,Italian,Medium,Jamaica,09:30,19:30,2,True
999,Yummy Gastropub,Thai,Cheap,Midtown Manhattan,12:00,18:00,2,False
1000,Rainforest Doughnut Shop,Mediterranean,Medium,Brooklyn Heights,10:30,21:00,2,False
